release_path,source_path,source_sha256,release_sha256,transformation
gammatone_features.py,gammatone_features.py,368baaf839601f1f47174246007a44a3cd1701e16a08615a87b3f11dc67aaac0,e29cdd1d3bc07975ba18ac54125d98e30a630d32f79dc43433e3ca6b0039c06d,identity/path portability sanitization only
optical_classification/dataset_optical.py,optical_classification/dataset_optical.py,cbab9cdc9acfda10c8ea3ce0f439a7b9571eecb892d883c91a0b1d9fe802ff4e,aef5a55f8e4f0af5516b20667338fa2c9d465522ea23a1eb89408556088bc7f6,identity/path portability sanitization only
optical_classification/train_C_foh_mscn.py,optical_classification/train_C_foh_mscn.py,222edc35ced774cdb8909533f06905f2b1650ec35cf73ff5465aa6ba91b541db,d908c66563a484b420e1cc88cad6f850e48a7d4aabe5c9e6715bd809ff80f444,identity/path portability sanitization only
optical_classification/noise_generators.py,optical_classification/noise_generators.py,af31f470e6b80a457ee96405897794be8562c30f1d42de81144d57a5336c88e0,af31f470e6b80a457ee96405897794be8562c30f1d42de81144d57a5336c88e0,identity/path portability sanitization only
scripts/noise_paper_experiment.py,paper/scripts/noise_paper_experiment.py,3974d1969b477b7efde169b150a96b95364957b360930e884468835e2ff272fe,37c4f15009b3b7f329209da14c798d942c9baafac186f012bd2b8d05875b7564,identity/path portability sanitization only
foh_simulation.py,multiple project sources; see SOURCE_CHANGES.md,,db02c3a71134194cffcdedda863e3e4da04c5cfc69b4ad107dea61e27fe89034,lightweight portable wrapper; equations and defaults preserved
scripts/generate_foh_dataset.py,multiple project sources; see SOURCE_CHANGES.md,,3069c1f4702611542f9a5a70016f5ac0e36a7216e9d3d0e7338573895b8824b1,lightweight portable wrapper; equations and defaults preserved
scripts/create_split_indices.py,multiple project sources; see SOURCE_CHANGES.md,,034541ed8fff3699d7551223992b1421d352e0816f23327ca4eb9943c12f1d3d,lightweight portable wrapper; equations and defaults preserved
scripts/evaluate_checkpoint.py,multiple project sources; see SOURCE_CHANGES.md,,326d0250e0f4d0c725271a0a75179435fb4c1fd9778f9051e5341abf219966c7,lightweight portable wrapper; equations and defaults preserved
scripts/smoke_test.py,multiple project sources; see SOURCE_CHANGES.md,,c6a2f6bc7cc046a5307bb99db77ac4bf9f478bfeaf5cde086f83b1a702f7de35,lightweight portable wrapper; equations and defaults preserved
scripts/verify_anonymity.py,multiple project sources; see SOURCE_CHANGES.md,,42b0bac7ed5b5fa0c1a629315977b16fccc9b3d29e59819394f20d2e17fc5262,lightweight portable wrapper; equations and defaults preserved
